"Date","Country","Soy_Exports_China","Post_Treatment","Treated","DiD_Term","Semi_Annual","Brazil_Dummy","DDD_Term","Group","Time_Trend","Period"
2012-01-01,"Brazil",135139,0,1,0,"-H1",1,0,1,0,"Pre"
2012-01-01,"USA",1549688,0,0,0,"-H1",0,0,0,0,"Pre"
2012-01-01,"Argentina",0,0,0,0,"-H1",0,0,0,0,"Pre"
2012-02-01,"Brazil",35496,0,1,0,"-H1",1,0,1,1.01839684625493,"Pre"
2012-02-01,"USA",1308870,0,0,0,"-H1",0,0,0,1.01839684625493,"Pre"
2012-02-01,"Argentina",0,0,0,0,"-H1",0,0,0,1.01839684625493,"Pre"
2012-03-01,"Brazil",1424387,0,1,0,"-H1",1,0,1,1.97109067017083,"Pre"
2012-03-01,"USA",944637,0,0,0,"-H1",0,0,0,1.97109067017083,"Pre"
2012-03-01,"Argentina",16094,0,0,0,"-H1",0,0,0,1.97109067017083,"Pre"
2012-04-01,"Brazil",1672548,0,1,0,"-H1",1,0,1,2.98948751642576,"Pre"
2012-04-01,"USA",373781,0,0,0,"-H1",0,0,0,2.98948751642576,"Pre"
2012-04-01,"Argentina",284971,0,0,0,"-H1",0,0,0,2.98948751642576,"Pre"
2012-05-01,"Brazil",3037780,0,1,0,"-H1",1,0,1,3.97503285151117,"Pre"
2012-05-01,"USA",419954,0,0,0,"-H1",0,0,0,3.97503285151117,"Pre"
2012-05-01,"Argentina",540024,0,0,0,"-H1",0,0,0,3.97503285151117,"Pre"
2012-06-01,"Brazil",1944218,0,1,0,"-H1",1,0,1,4.9934296977661,"Pre"
2012-06-01,"USA",31057,0,0,0,"-H1",0,0,0,4.9934296977661,"Pre"
2012-06-01,"Argentina",37225,0,0,0,"-H1",0,0,0,4.9934296977661,"Pre"
2012-07-01,"Brazil",1491439,0,1,0,"-H2",1,0,1,5.97897503285151,"Pre"
2012-07-01,"USA",469066,0,0,0,"-H2",0,0,0,5.97897503285151,"Pre"
2012-07-01,"Argentina",549136,0,0,0,"-H2",0,0,0,5.97897503285151,"Pre"
2012-08-01,"Brazil",1078726,0,1,0,"-H2",1,0,1,6.99737187910644,"Pre"
2012-08-01,"USA",676199,0,0,0,"-H2",0,0,0,6.99737187910644,"Pre"
2012-08-01,"Argentina",408742,0,0,0,"-H2",0,0,0,6.99737187910644,"Pre"
2012-09-01,"Brazil",46558,0,1,0,"-H2",1,0,1,8.01576872536137,"Pre"
2012-09-01,"USA",968695,0,0,0,"-H2",0,0,0,8.01576872536137,"Pre"
2012-09-01,"Argentina",310665,0,0,0,"-H2",0,0,0,8.01576872536137,"Pre"
2012-10-01,"Brazil",216442,0,1,0,"-H2",1,0,1,9.00131406044678,"Pre"
2012-10-01,"USA",3030843,0,0,0,"-H2",0,0,0,9.00131406044678,"Pre"
2012-10-01,"Argentina",199839,0,0,0,"-H2",0,0,0,9.00131406044678,"Pre"
2012-11-01,"Brazil",37167,0,1,0,"-H2",1,0,1,10.0197109067017,"Pre"
2012-11-01,"USA",2998785,0,0,0,"-H2",0,0,0,10.0197109067017,"Pre"
2012-11-01,"Argentina",40856,0,0,0,"-H2",0,0,0,10.0197109067017,"Pre"
2012-12-01,"Brazil",1561,0,1,0,"-H2",1,0,1,11.0052562417871,"Pre"
2012-12-01,"USA",1826553,0,0,0,"-H2",0,0,0,11.0052562417871,"Pre"
2012-12-01,"Argentina",0,0,0,0,"-H2",0,0,0,11.0052562417871,"Pre"
2013-01-01,"Brazil",0,0,1,0,"-H1",1,0,1,12.023653088042,"Pre"
2013-01-01,"USA",1826845,0,0,0,"-H1",0,0,0,12.023653088042,"Pre"
2013-01-01,"Argentina",0,0,0,0,"-H1",0,0,0,12.023653088042,"Pre"
2013-02-01,"Brazil",35862,0,1,0,"-H1",1,0,1,13.042049934297,"Pre"
2013-02-01,"USA",1501258,0,0,0,"-H1",0,0,0,13.042049934297,"Pre"
2013-02-01,"Argentina",0,0,0,0,"-H1",0,0,0,13.042049934297,"Pre"
2013-03-01,"Brazil",1410767,0,1,0,"-H1",1,0,1,13.9618922470434,"Pre"
2013-03-01,"USA",438011,0,0,0,"-H1",0,0,0,13.9618922470434,"Pre"
2013-03-01,"Argentina",0,0,0,0,"-H1",0,0,0,13.9618922470434,"Pre"
2013-04-01,"Brazil",2966770,0,1,0,"-H1",1,0,1,14.9802890932983,"Pre"
2013-04-01,"USA",75989,0,0,0,"-H1",0,0,0,14.9802890932983,"Pre"
2013-04-01,"Argentina",484463,0,0,0,"-H1",0,0,0,14.9802890932983,"Pre"
2013-05-01,"Brazil",3515847,0,1,0,"-H1",1,0,1,15.9658344283837,"Pre"
2013-05-01,"USA",37969,0,0,0,"-H1",0,0,0,15.9658344283837,"Pre"
2013-05-01,"Argentina",670,0,0,0,"-H1",0,0,0,15.9658344283837,"Pre"
2013-06-01,"Brazil",2685613,0,1,0,"-H1",1,0,1,16.9842312746386,"Pre"
2013-06-01,"USA",102,0,0,0,"-H1",0,0,0,16.9842312746386,"Pre"
2013-06-01,"Argentina",3429,0,0,0,"-H1",0,0,0,16.9842312746386,"Pre"
2013-07-01,"Brazil",2116673,0,1,0,"-H2",1,0,1,17.969776609724,"Pre"
2013-07-01,"USA",286,0,0,0,"-H2",0,0,0,17.969776609724,"Pre"
2013-07-01,"Argentina",310576,0,0,0,"-H2",0,0,0,17.969776609724,"Pre"
2013-08-01,"Brazil",2070929,0,1,0,"-H2",1,0,1,18.988173455979,"Pre"
2013-08-01,"USA",0,0,0,0,"-H2",0,0,0,18.988173455979,"Pre"
2013-08-01,"Argentina",651908,0,0,0,"-H2",0,0,0,18.988173455979,"Pre"
2013-09-01,"Brazil",1312738,0,1,0,"-H2",1,0,1,20.0065703022339,"Pre"
2013-09-01,"USA",454391,0,0,0,"-H2",0,0,0,20.0065703022339,"Pre"
2013-09-01,"Argentina",491096,0,0,0,"-H2",0,0,0,20.0065703022339,"Pre"
2013-10-01,"Brazil",583924,0,1,0,"-H2",1,0,1,20.9921156373193,"Pre"
2013-10-01,"USA",2999893,0,0,0,"-H2",0,0,0,20.9921156373193,"Pre"
2013-10-01,"Argentina",262783,0,0,0,"-H2",0,0,0,20.9921156373193,"Pre"
2013-11-01,"Brazil",123184,0,1,0,"-H2",1,0,1,22.0105124835742,"Pre"
2013-11-01,"USA",3540231,0,0,0,"-H2",0,0,0,22.0105124835742,"Pre"
2013-11-01,"Argentina",18,0,0,0,"-H2",0,0,0,22.0105124835742,"Pre"
2013-12-01,"Brazil",657,0,1,0,"-H2",1,0,1,22.9960578186597,"Pre"
2013-12-01,"USA",2427843,0,0,0,"-H2",0,0,0,22.9960578186597,"Pre"
2013-12-01,"Argentina",127,0,0,0,"-H2",0,0,0,22.9960578186597,"Pre"
2014-01-01,"Brazil",7726,0,1,0,"-H1",1,0,1,24.0144546649146,"Pre"
2014-01-01,"USA",2411291,0,0,0,"-H1",0,0,0,24.0144546649146,"Pre"
2014-01-01,"Argentina",0,0,0,0,"-H1",0,0,0,24.0144546649146,"Pre"
2014-02-01,"Brazil",1163437,0,1,0,"-H1",1,0,1,25.0328515111695,"Pre"
2014-02-01,"USA",1954530,0,0,0,"-H1",0,0,0,25.0328515111695,"Pre"
2014-02-01,"Argentina",0,0,0,0,"-H1",0,0,0,25.0328515111695,"Pre"
2014-03-01,"Brazil",2590951,0,1,0,"-H1",1,0,1,25.9526938239159,"Pre"
2014-03-01,"USA",819716,0,0,0,"-H1",0,0,0,25.9526938239159,"Pre"
2014-03-01,"Argentina",3023,0,0,0,"-H1",0,0,0,25.9526938239159,"Pre"
2014-04-01,"Brazil",2962110,0,1,0,"-H1",1,0,1,26.9710906701708,"Pre"
2014-04-01,"USA",72281,0,0,0,"-H1",0,0,0,26.9710906701708,"Pre"
2014-04-01,"Argentina",508188,0,0,0,"-H1",0,0,0,26.9710906701708,"Pre"
2014-05-01,"Brazil",2908974,0,1,0,"-H1",1,0,1,27.9566360052562,"Pre"
2014-05-01,"USA",0,0,0,0,"-H1",0,0,0,27.9566360052562,"Pre"
2014-05-01,"Argentina",643372,0,0,0,"-H1",0,0,0,27.9566360052562,"Pre"
2014-06-01,"Brazil",2348990,0,1,0,"-H1",1,0,1,28.9750328515112,"Pre"
2014-06-01,"USA",0,0,0,0,"-H1",0,0,0,28.9750328515112,"Pre"
2014-06-01,"Argentina",717219,0,0,0,"-H1",0,0,0,28.9750328515112,"Pre"
2014-07-01,"Brazil",1998690,0,1,0,"-H2",1,0,1,29.9605781865966,"Pre"
2014-07-01,"USA",509,0,0,0,"-H2",0,0,0,29.9605781865966,"Pre"
2014-07-01,"Argentina",514577,0,0,0,"-H2",0,0,0,29.9605781865966,"Pre"
2014-08-01,"Brazil",1610453,0,1,0,"-H2",1,0,1,30.9789750328515,"Pre"
2014-08-01,"USA",123,0,0,0,"-H2",0,0,0,30.9789750328515,"Pre"
2014-08-01,"Argentina",481315,0,0,0,"-H2",0,0,0,30.9789750328515,"Pre"
2014-09-01,"Brazil",833159,0,1,0,"-H2",1,0,1,31.9973718791064,"Pre"
2014-09-01,"USA",498235,0,0,0,"-H2",0,0,0,31.9973718791064,"Pre"
2014-09-01,"Argentina",141257,0,0,0,"-H2",0,0,0,31.9973718791064,"Pre"
2014-10-01,"Brazil",12794,0,1,0,"-H2",1,0,1,32.9829172141919,"Pre"
2014-10-01,"USA",3072543,0,0,0,"-H2",0,0,0,32.9829172141919,"Pre"
2014-10-01,"Argentina",27668,0,0,0,"-H2",0,0,0,32.9829172141919,"Pre"
2014-11-01,"Brazil",28741,0,1,0,"-H2",1,0,1,34.0013140604468,"Pre"
2014-11-01,"USA",3541820,0,0,0,"-H2",0,0,0,34.0013140604468,"Pre"
2014-11-01,"Argentina",0,0,0,0,"-H2",0,0,0,34.0013140604468,"Pre"
2014-12-01,"Brazil",33933,0,1,0,"-H2",1,0,1,34.9868593955322,"Pre"
2014-12-01,"USA",2426876,0,0,0,"-H2",0,0,0,34.9868593955322,"Pre"
2014-12-01,"Argentina",0,0,0,0,"-H2",0,0,0,34.9868593955322,"Pre"
2015-01-01,"Brazil",43,0,1,0,"-H1",1,0,1,36.0052562417871,"Pre"
2015-01-01,"USA",1929363,0,0,0,"-H1",0,0,0,36.0052562417871,"Pre"
2015-01-01,"Argentina",0,0,0,0,"-H1",0,0,0,36.0052562417871,"Pre"
2015-02-01,"Brazil",193248,0,1,0,"-H1",1,0,1,37.023653088042,"Pre"
2015-02-01,"USA",1039769,0,0,0,"-H1",0,0,0,37.023653088042,"Pre"
2015-02-01,"Argentina",0,0,0,0,"-H1",0,0,0,37.023653088042,"Pre"
2015-03-01,"Brazil",1800928,0,1,0,"-H1",1,0,1,37.9434954007884,"Pre"
2015-03-01,"USA",38572,0,0,0,"-H1",0,0,0,37.9434954007884,"Pre"
2015-03-01,"Argentina",0,0,0,0,"-H1",0,0,0,37.9434954007884,"Pre"
2015-04-01,"Brazil",1922937,0,1,0,"-H1",1,0,1,38.9618922470434,"Pre"
2015-04-01,"USA",98953,0,0,0,"-H1",0,0,0,38.9618922470434,"Pre"
2015-04-01,"Argentina",432483,0,0,0,"-H1",0,0,0,38.9618922470434,"Pre"
2015-05-01,"Brazil",2709024,0,1,0,"-H1",1,0,1,39.9474375821288,"Pre"
2015-05-01,"USA",196,0,0,0,"-H1",0,0,0,39.9474375821288,"Pre"
2015-05-01,"Argentina",849167,0,0,0,"-H1",0,0,0,39.9474375821288,"Pre"
2015-06-01,"Brazil",2936231,0,1,0,"-H1",1,0,1,40.9658344283837,"Pre"
2015-06-01,"USA",553,0,0,0,"-H1",0,0,0,40.9658344283837,"Pre"
2015-06-01,"Argentina",704499,0,0,0,"-H1",0,0,0,40.9658344283837,"Pre"
2015-07-01,"Brazil",2467439,0,1,0,"-H2",1,0,1,41.9513797634691,"Pre"
2015-07-01,"USA",3032,0,0,0,"-H2",0,0,0,41.9513797634691,"Pre"
2015-07-01,"Argentina",424332,0,0,0,"-H2",0,0,0,41.9513797634691,"Pre"
2015-08-01,"Brazil",1422458,0,1,0,"-H2",1,0,1,42.969776609724,"Pre"
2015-08-01,"USA",1565,0,0,0,"-H2",0,0,0,42.969776609724,"Pre"
2015-08-01,"Argentina",33613,0,0,0,"-H2",0,0,0,42.969776609724,"Pre"
2015-09-01,"Brazil",1138973,0,1,0,"-H2",1,0,1,43.988173455979,"Pre"
2015-09-01,"USA",387068,0,0,0,"-H2",0,0,0,43.988173455979,"Pre"
2015-09-01,"Argentina",380,0,0,0,"-H2",0,0,0,43.988173455979,"Pre"
2015-10-01,"Brazil",651606,0,1,0,"-H2",1,0,1,44.9737187910644,"Pre"
2015-10-01,"USA",2817093,0,0,0,"-H2",0,0,0,44.9737187910644,"Pre"
2015-10-01,"Argentina",298032,0,0,0,"-H2",0,0,0,44.9737187910644,"Pre"
2015-11-01,"Brazil",382429,0,1,0,"-H2",1,0,1,45.9921156373193,"Pre"
2015-11-01,"USA",2360095,0,0,0,"-H2",0,0,0,45.9921156373193,"Pre"
2015-11-01,"Argentina",91809,0,0,0,"-H2",0,0,0,45.9921156373193,"Pre"
2015-12-01,"Brazil",162469,0,1,0,"-H2",1,0,1,46.9776609724047,"Pre"
2015-12-01,"USA",1465284,0,0,0,"-H2",0,0,0,46.9776609724047,"Pre"
2015-12-01,"Argentina",24621,0,0,0,"-H2",0,0,0,46.9776609724047,"Pre"
2016-01-01,"Brazil",117114,0,1,0,"-H1",1,0,1,47.9960578186597,"Pre"
2016-01-01,"USA",1399725,0,0,0,"-H1",0,0,0,47.9960578186597,"Pre"
2016-01-01,"Argentina",11018,0,0,0,"-H1",0,0,0,47.9960578186597,"Pre"
2016-02-01,"Brazil",555351,0,1,0,"-H1",1,0,1,49.0144546649146,"Pre"
2016-02-01,"USA",1135367,0,0,0,"-H1",0,0,0,49.0144546649146,"Pre"
2016-02-01,"Argentina",0,0,0,0,"-H1",0,0,0,49.0144546649146,"Pre"
2016-03-01,"Brazil",2303281,0,1,0,"-H1",1,0,1,49.9671484888305,"Pre"
2016-03-01,"USA",392189,0,0,0,"-H1",0,0,0,49.9671484888305,"Pre"
2016-03-01,"Argentina",0,0,0,0,"-H1",0,0,0,49.9671484888305,"Pre"
2016-04-01,"Brazil",2803044,0,1,0,"-H1",1,0,1,50.9855453350854,"Pre"
2016-04-01,"USA",21724,0,0,0,"-H1",0,0,0,50.9855453350854,"Pre"
2016-04-01,"Argentina",188065,0,0,0,"-H1",0,0,0,50.9855453350854,"Pre"
2016-05-01,"Brazil",2609453,0,1,0,"-H1",1,0,1,51.9710906701708,"Pre"
2016-05-01,"USA",4319,0,0,0,"-H1",0,0,0,51.9710906701708,"Pre"
2016-05-01,"Argentina",614457,0,0,0,"-H1",0,0,0,51.9710906701708,"Pre"
2016-06-01,"Brazil",2205266,0,1,0,"-H1",1,0,1,52.9894875164258,"Pre"
2016-06-01,"USA",29481,0,0,0,"-H1",0,0,0,52.9894875164258,"Pre"
2016-06-01,"Argentina",693725,0,0,0,"-H1",0,0,0,52.9894875164258,"Pre"
2016-07-01,"Brazil",1735363,0,1,0,"-H2",1,0,1,53.9750328515112,"Pre"
2016-07-01,"USA",420926,0,0,0,"-H2",0,0,0,53.9750328515112,"Pre"
2016-07-01,"Argentina",415244,0,0,0,"-H2",0,0,0,53.9750328515112,"Pre"
2016-08-01,"Brazil",1083410,0,1,0,"-H2",1,0,1,54.9934296977661,"Pre"
2016-08-01,"USA",795259,0,0,0,"-H2",0,0,0,54.9934296977661,"Pre"
2016-08-01,"Argentina",451388,0,0,0,"-H2",0,0,0,54.9934296977661,"Pre"
2016-09-01,"Brazil",35298,0,1,0,"-H2",1,0,1,56.011826544021,"Pre"
2016-09-01,"USA",1017923,0,0,0,"-H2",0,0,0,56.011826544021,"Pre"
2016-09-01,"Argentina",327584,0,0,0,"-H2",0,0,0,56.011826544021,"Pre"
2016-10-01,"Brazil",33978,0,1,0,"-H2",1,0,1,56.9973718791064,"Pre"
2016-10-01,"USA",3499705,0,0,0,"-H2",0,0,0,56.9973718791064,"Pre"
2016-10-01,"Argentina",65004,0,0,0,"-H2",0,0,0,56.9973718791064,"Pre"
2016-11-01,"Brazil",83422,0,1,0,"-H2",1,0,1,58.0157687253614,"Pre"
2016-11-01,"USA",3177057,0,0,0,"-H2",0,0,0,58.0157687253614,"Pre"
2016-11-01,"Argentina",0,0,0,0,"-H2",0,0,0,58.0157687253614,"Pre"
2016-12-01,"Brazil",19765,0,1,0,"-H2",1,0,1,59.0013140604468,"Pre"
2016-12-01,"USA",2308904,0,0,0,"-H2",0,0,0,59.0013140604468,"Pre"
2016-12-01,"Argentina",26064,0,0,0,"-H2",0,0,0,59.0013140604468,"Pre"
2017-01-01,"Brazil",296717,0,1,0,"-H1",1,0,1,60.0197109067017,"Pre"
2017-01-01,"USA",1758709,0,0,0,"-H1",0,0,0,60.0197109067017,"Pre"
2017-01-01,"Argentina",24288,0,0,0,"-H1",0,0,0,60.0197109067017,"Pre"
2017-02-01,"Brazil",1034529,0,1,0,"-H1",1,0,1,61.0381077529566,"Pre"
2017-02-01,"USA",1053261,0,0,0,"-H1",0,0,0,61.0381077529566,"Pre"
2017-02-01,"Argentina",0,0,0,0,"-H1",0,0,0,61.0381077529566,"Pre"
2017-03-01,"Brazil",2957446,0,1,0,"-H1",1,0,1,61.957950065703,"Pre"
2017-03-01,"USA",482083,0,0,0,"-H1",0,0,0,61.957950065703,"Pre"
2017-03-01,"Argentina",26249,0,0,0,"-H1",0,0,0,61.957950065703,"Pre"
2017-04-01,"Brazil",3156222,0,1,0,"-H1",1,0,1,62.9763469119579,"Pre"
2017-04-01,"USA",264371,0,0,0,"-H1",0,0,0,62.9763469119579,"Pre"
2017-04-01,"Argentina",258678,0,0,0,"-H1",0,0,0,62.9763469119579,"Pre"
2017-05-01,"Brazil",3072944,0,1,0,"-H1",1,0,1,63.9618922470434,"Pre"
2017-05-01,"USA",151402,0,0,0,"-H1",0,0,0,63.9618922470434,"Pre"
2017-05-01,"Argentina",58995,0,0,0,"-H1",0,0,0,63.9618922470434,"Pre"
2017-06-01,"Brazil",2408449,0,1,0,"-H1",1,0,1,64.9802890932983,"Pre"
2017-06-01,"USA",131464,0,0,0,"-H1",0,0,0,64.9802890932983,"Pre"
2017-06-01,"Argentina",49605,0,0,0,"-H1",0,0,0,64.9802890932983,"Pre"
2017-07-01,"Brazil",1937140,0,1,0,"-H2",1,0,1,65.9658344283837,"Pre"
2017-07-01,"USA",19158,0,0,0,"-H2",0,0,0,65.9658344283837,"Pre"
2017-07-01,"Argentina",18125,0,0,0,"-H2",0,0,0,65.9658344283837,"Pre"
2017-08-01,"Brazil",1823418,0,1,0,"-H2",1,0,1,66.9842312746386,"Pre"
2017-08-01,"USA",455426,0,0,0,"-H2",0,0,0,66.9842312746386,"Pre"
2017-08-01,"Argentina",274103,0,0,0,"-H2",0,0,0,66.9842312746386,"Pre"
2017-09-01,"Brazil",1313588,0,1,0,"-H2",1,0,1,68.0026281208936,"Pre"
2017-09-01,"USA",1097619,0,0,0,"-H2",0,0,0,68.0026281208936,"Pre"
2017-09-01,"Argentina",382129,0,0,0,"-H2",0,0,0,68.0026281208936,"Pre"
2017-10-01,"Brazil",820591,0,1,0,"-H2",1,0,1,68.988173455979,"Pre"
2017-10-01,"USA",2698024,0,0,0,"-H2",0,0,0,68.988173455979,"Pre"
2017-10-01,"Argentina",172793,0,0,0,"-H2",0,0,0,68.988173455979,"Pre"
2017-11-01,"Brazil",69413,0,1,0,"-H2",1,0,1,70.0065703022339,"Pre"
2017-11-01,"USA",2435936,0,0,0,"-H2",0,0,0,70.0065703022339,"Pre"
2017-11-01,"Argentina",0,0,0,0,"-H2",0,0,0,70.0065703022339,"Pre"
2017-12-01,"Brazil",795033,0,1,0,"-H2",1,0,1,70.9921156373193,"Pre"
2017-12-01,"USA",1504542,0,0,0,"-H2",0,0,0,70.9921156373193,"Pre"
2017-12-01,"Argentina",9036,0,0,0,"-H2",0,0,0,70.9921156373193,"Pre"
2018-01-01,"Brazil",509197,0,1,0,"-H1",1,0,1,72.0105124835742,"Pre"
2018-01-01,"USA",1238716,0,0,0,"-H1",0,0,0,72.0105124835742,"Pre"
2018-01-01,"Argentina",0,0,0,0,"-H1",0,0,0,72.0105124835742,"Pre"
2018-02-01,"Brazil",816728,0,1,0,"-H1",1,0,1,73.0289093298292,"Pre"
2018-02-01,"USA",797159,0,0,0,"-H1",0,0,0,73.0289093298292,"Pre"
2018-02-01,"Argentina",0,0,0,0,"-H1",0,0,0,73.0289093298292,"Pre"
2018-03-01,"Brazil",2709310,1,1,1,"-H1",1,1,1,73.9487516425756,"Post"
2018-03-01,"USA",408178,1,0,0,"-H1",0,0,0,73.9487516425756,"Post"
2018-03-01,"Argentina",0,1,0,0,"-H1",0,0,0,73.9487516425756,"Post"
2018-04-01,"Brazil",3040084,1,1,1,"-H1",1,1,1,74.9671484888305,"Post"
2018-04-01,"USA",152876,1,0,0,"-H1",0,0,0,74.9671484888305,"Post"
2018-04-01,"Argentina",60025,1,0,0,"-H1",0,0,0,74.9671484888305,"Post"
2018-05-01,"Brazil",3956976,1,1,1,"-H1",1,1,1,75.9526938239159,"Post"
2018-05-01,"USA",208718,1,0,0,"-H1",0,0,0,75.9526938239159,"Post"
2018-05-01,"Argentina",184505,1,0,0,"-H1",0,0,0,75.9526938239159,"Post"
2018-06-01,"Brazil",3324446,1,1,1,"-H1",1,1,1,76.9710906701708,"Post"
2018-06-01,"USA",100473,1,0,0,"-H1",0,0,0,76.9710906701708,"Post"
2018-06-01,"Argentina",205175,1,0,0,"-H1",0,0,0,76.9710906701708,"Post"
2018-07-01,"Brazil",3198870,1,1,1,"-H2",1,1,1,77.9566360052562,"Post"
2018-07-01,"USA",45301,1,0,0,"-H2",0,0,0,77.9566360052562,"Post"
2018-07-01,"Argentina",0,1,0,0,"-H2",0,0,0,77.9566360052562,"Post"
2018-08-01,"Brazil",2736035,1,1,1,"-H2",1,1,1,78.9750328515112,"Post"
2018-08-01,"USA",45952,1,0,0,"-H2",0,0,0,78.9750328515112,"Post"
2018-08-01,"Argentina",0,1,0,0,"-H2",0,0,0,78.9750328515112,"Post"
2018-09-01,"Brazil",1661388,1,1,1,"-H2",1,1,1,79.9934296977661,"Post"
2018-09-01,"USA",0,1,0,0,"-H2",0,0,0,79.9934296977661,"Post"
2018-09-01,"Argentina",0,1,0,0,"-H2",0,0,0,79.9934296977661,"Post"
2018-10-01,"Brazil",1933661,1,1,1,"-H2",1,1,1,80.9789750328515,"Post"
2018-10-01,"USA",97605,1,0,0,"-H2",0,0,0,80.9789750328515,"Post"
2018-10-01,"Argentina",156258,1,0,0,"-H2",0,0,0,80.9789750328515,"Post"
2018-11-01,"Brazil",1870356,1,1,1,"-H2",1,1,1,81.9973718791064,"Post"
2018-11-01,"USA",0,1,0,0,"-H2",0,0,0,81.9973718791064,"Post"
2018-11-01,"Argentina",339708,1,0,0,"-H2",0,0,0,81.9973718791064,"Post"
2018-12-01,"Brazil",1585533,1,1,1,"-H2",1,1,1,82.9829172141918,"Post"
2018-12-01,"USA",24251,1,0,0,"-H2",0,0,0,82.9829172141918,"Post"
2018-12-01,"Argentina",323301,1,0,0,"-H2",0,0,0,82.9829172141918,"Post"
2019-01-01,"Brazil",716536,1,1,1,"-H1",1,1,1,84.0013140604468,"Post"
2019-01-01,"USA",452879,1,0,0,"-H1",0,0,0,84.0013140604468,"Post"
2019-01-01,"Argentina",46115,1,0,0,"-H1",0,0,0,84.0013140604468,"Post"
2019-02-01,"Brazil",1583154,1,1,1,"-H1",1,1,1,85.0197109067017,"Post"
2019-02-01,"USA",712736,1,0,0,"-H1",0,0,0,85.0197109067017,"Post"
2019-02-01,"Argentina",0,1,0,0,"-H1",0,0,0,85.0197109067017,"Post"
2019-03-01,"Brazil",2108914,1,1,1,"-H1",1,1,1,85.9395532194481,"Post"
2019-03-01,"USA",535083,1,0,0,"-H1",0,0,0,85.9395532194481,"Post"
2019-03-01,"Argentina",0,1,0,0,"-H1",0,0,0,85.9395532194481,"Post"
2019-04-01,"Brazil",2263418,1,1,1,"-H1",1,1,1,86.957950065703,"Post"
2019-04-01,"USA",208502,1,0,0,"-H1",0,0,0,86.957950065703,"Post"
2019-04-01,"Argentina",5434,1,0,0,"-H1",0,0,0,86.957950065703,"Post"
2019-05-01,"Brazil",2358327,1,1,1,"-H1",1,1,1,87.9434954007884,"Post"
2019-05-01,"USA",412136,1,0,0,"-H1",0,0,0,87.9434954007884,"Post"
2019-05-01,"Argentina",456469,1,0,0,"-H1",0,0,0,87.9434954007884,"Post"
2019-06-01,"Brazil",2258142,1,1,1,"-H1",1,1,1,88.9618922470434,"Post"
2019-06-01,"USA",623991,1,0,0,"-H1",0,0,0,88.9618922470434,"Post"
2019-06-01,"Argentina",113531,1,0,0,"-H1",0,0,0,88.9618922470434,"Post"
2019-07-01,"Brazil",2063735,1,1,1,"-H2",1,1,1,89.9474375821288,"Post"
2019-07-01,"USA",66234,1,0,0,"-H2",0,0,0,89.9474375821288,"Post"
2019-07-01,"Argentina",385091,1,0,0,"-H2",0,0,0,89.9474375821288,"Post"
2019-08-01,"Brazil",1322043,1,1,1,"-H2",1,1,1,90.9658344283837,"Post"
2019-08-01,"USA",970535,1,0,0,"-H2",0,0,0,90.9658344283837,"Post"
2019-08-01,"Argentina",281314,1,0,0,"-H2",0,0,0,90.9658344283837,"Post"
2019-09-01,"Brazil",1316386,1,1,1,"-H2",1,1,1,91.9842312746386,"Post"
2019-09-01,"USA",337097,1,0,0,"-H2",0,0,0,91.9842312746386,"Post"
2019-09-01,"Argentina",521744,1,0,0,"-H2",0,0,0,91.9842312746386,"Post"
2019-10-01,"Brazil",1674361,1,1,1,"-H2",1,1,1,92.9697766097241,"Post"
2019-10-01,"USA",583439,1,0,0,"-H2",0,0,0,92.9697766097241,"Post"
2019-10-01,"Argentina",539754,1,0,0,"-H2",0,0,0,92.9697766097241,"Post"
2019-11-01,"Brazil",1724487,1,1,1,"-H2",1,1,1,93.988173455979,"Post"
2019-11-01,"USA",1531571,1,0,0,"-H2",0,0,0,93.988173455979,"Post"
2019-11-01,"Argentina",484743,1,0,0,"-H2",0,0,0,93.988173455979,"Post"
2019-12-01,"Brazil",1112815,1,1,1,"-H2",1,1,1,94.9737187910644,"Post"
2019-12-01,"USA",974546,1,0,0,"-H2",0,0,0,94.9737187910644,"Post"
2019-12-01,"Argentina",129637,1,0,0,"-H2",0,0,0,94.9737187910644,"Post"
2020-01-01,"Brazil",369205,1,1,1,"-H1",1,1,1,95.9921156373193,"Post"
2020-01-01,"USA",727556,1,0,0,"-H1",0,0,0,95.9921156373193,"Post"
2020-01-01,"Argentina",41389,1,0,0,"-H1",0,0,0,95.9921156373193,"Post"
2020-02-01,"Brazil",1204865,1,1,1,"-H1",1,1,1,97.0105124835742,"Post"
2020-02-01,"USA",198632,1,0,0,"-H1",0,0,0,97.0105124835742,"Post"
2020-02-01,"Argentina",0,1,0,0,"-H1",0,0,0,97.0105124835742,"Post"
2020-03-01,"Brazil",2802288,1,1,1,"-H1",1,1,1,97.9632063074901,"Post"
2020-03-01,"USA",7507,1,0,0,"-H1",0,0,0,97.9632063074901,"Post"
2020-03-01,"Argentina",0,1,0,0,"-H1",0,0,0,97.9632063074901,"Post"
2020-04-01,"Brazil",3610231,1,1,1,"-H1",1,1,1,98.9816031537451,"Post"
2020-04-01,"USA",155435,1,0,0,"-H1",0,0,0,98.9816031537451,"Post"
2020-04-01,"Argentina",195392,1,0,0,"-H1",0,0,0,98.9816031537451,"Post"
2020-05-01,"Brazil",3357209,1,1,1,"-H1",1,1,1,99.9671484888305,"Post"
2020-05-01,"USA",62357,1,0,0,"-H1",0,0,0,99.9671484888305,"Post"
2020-05-01,"Argentina",597162,1,0,0,"-H1",0,0,0,99.9671484888305,"Post"
2020-06-01,"Brazil",2998304,1,1,1,"-H1",1,1,1,100.985545335085,"Post"
2020-06-01,"USA",11968,1,0,0,"-H1",0,0,0,100.985545335085,"Post"
2020-06-01,"Argentina",359604,1,0,0,"-H1",0,0,0,100.985545335085,"Post"
2020-07-01,"Brazil",2609851,1,1,1,"-H2",1,1,1,101.971090670171,"Post"
2020-07-01,"USA",153773,1,0,0,"-H2",0,0,0,101.971090670171,"Post"
2020-07-01,"Argentina",276587,1,0,0,"-H2",0,0,0,101.971090670171,"Post"
2020-08-01,"Brazil",1568406,1,1,1,"-H2",1,1,1,102.989487516426,"Post"
2020-08-01,"USA",874801,1,0,0,"-H2",0,0,0,102.989487516426,"Post"
2020-08-01,"Argentina",304855,1,0,0,"-H2",0,0,0,102.989487516426,"Post"
2020-09-01,"Brazil",1219286,1,1,1,"-H2",1,1,1,104.007884362681,"Post"
2020-09-01,"USA",1820418,1,0,0,"-H2",0,0,0,104.007884362681,"Post"
2020-09-01,"Argentina",40138,1,0,0,"-H2",0,0,0,104.007884362681,"Post"
2020-10-01,"Brazil",722434,1,1,1,"-H2",1,1,1,104.993429697766,"Post"
2020-10-01,"USA",3563161,1,0,0,"-H2",0,0,0,104.993429697766,"Post"
2020-10-01,"Argentina",5223,1,0,0,"-H2",0,0,0,104.993429697766,"Post"
2020-11-01,"Brazil",412408,1,1,1,"-H2",1,1,1,106.011826544021,"Post"
2020-11-01,"USA",3359224,1,0,0,"-H2",0,0,0,106.011826544021,"Post"
2020-11-01,"Argentina",0,1,0,0,"-H2",0,0,0,106.011826544021,"Post"
2020-12-01,"Brazil",30766,1,1,1,"-H2",1,1,1,106.997371879106,"Post"
2020-12-01,"USA",2966510,1,0,0,"-H2",0,0,0,106.997371879106,"Post"
2020-12-01,"Argentina",0,1,0,0,"-H2",0,0,0,106.997371879106,"Post"
2021-01-01,"Brazil",7351,1,1,1,"-H1",1,1,1,108.015768725361,"Post"
2021-01-01,"USA",2536271,1,0,0,"-H1",0,0,0,108.015768725361,"Post"
2021-01-01,"Argentina",0,1,0,0,"-H1",0,0,0,108.015768725361,"Post"
2021-02-01,"Brazil",761546,1,1,1,"-H1",1,1,1,109.034165571616,"Post"
2021-02-01,"USA",689982,1,0,0,"-H1",0,0,0,109.034165571616,"Post"
2021-02-01,"Argentina",0,1,0,0,"-H1",0,0,0,109.034165571616,"Post"
2021-03-01,"Brazil",3622582,1,1,1,"-H1",1,1,1,109.954007884363,"Post"
2021-03-01,"USA",257152,1,0,0,"-H1",0,0,0,109.954007884363,"Post"
2021-03-01,"Argentina",0,1,0,0,"-H1",0,0,0,109.954007884363,"Post"
2021-04-01,"Brazil",4826421,1,1,1,"-H1",1,1,1,110.972404730618,"Post"
2021-04-01,"USA",48801,1,0,0,"-H1",0,0,0,110.972404730618,"Post"
2021-04-01,"Argentina",65166,1,0,0,"-H1",0,0,0,110.972404730618,"Post"
2021-05-01,"Brazil",4558386,1,1,1,"-H1",1,1,1,111.957950065703,"Post"
2021-05-01,"USA",22194,1,0,0,"-H1",0,0,0,111.957950065703,"Post"
2021-05-01,"Argentina",290913,1,0,0,"-H1",0,0,0,111.957950065703,"Post"
2021-06-01,"Brazil",3279648,1,1,1,"-H1",1,1,1,112.976346911958,"Post"
2021-06-01,"USA",11947,1,0,0,"-H1",0,0,0,112.976346911958,"Post"
2021-06-01,"Argentina",138751,1,0,0,"-H1",0,0,0,112.976346911958,"Post"
2021-07-01,"Brazil",2638593,1,1,1,"-H2",1,1,1,113.961892247043,"Post"
2021-07-01,"USA",23,1,0,0,"-H2",0,0,0,113.961892247043,"Post"
2021-07-01,"Argentina",292999,1,0,0,"-H2",0,0,0,113.961892247043,"Post"
2021-08-01,"Brazil",2207030,1,1,1,"-H2",1,1,1,114.980289093298,"Post"
2021-08-01,"USA",229908,1,0,0,"-H2",0,0,0,114.980289093298,"Post"
2021-08-01,"Argentina",653191,1,0,0,"-H2",0,0,0,114.980289093298,"Post"
2021-09-01,"Brazil",1749343,1,1,1,"-H2",1,1,1,115.998685939553,"Post"
2021-09-01,"USA",49169,1,0,0,"-H2",0,0,0,115.998685939553,"Post"
2021-09-01,"Argentina",340746,1,0,0,"-H2",0,0,0,115.998685939553,"Post"
2021-10-01,"Brazil",1367780,1,1,1,"-H2",1,1,1,116.984231274639,"Post"
2021-10-01,"USA",3929256,1,0,0,"-H2",0,0,0,116.984231274639,"Post"
2021-10-01,"Argentina",0,1,0,0,"-H2",0,0,0,116.984231274639,"Post"
2021-11-01,"Brazil",1134919,1,1,1,"-H2",1,1,1,118.002628120894,"Post"
2021-11-01,"USA",3679290,1,0,0,"-H2",0,0,0,118.002628120894,"Post"
2021-11-01,"Argentina",0,1,0,0,"-H2",0,0,0,118.002628120894,"Post"
2021-12-01,"Brazil",1054502,1,1,1,"-H2",1,1,1,118.988173455979,"Post"
2021-12-01,"USA",2174559,1,0,0,"-H2",0,0,0,118.988173455979,"Post"
2021-12-01,"Argentina",0,1,0,0,"-H2",0,0,0,118.988173455979,"Post"
2022-01-01,"Brazil",997202,1,1,1,"-H1",1,1,1,120.006570302234,"Post"
2022-01-01,"USA",1971901,1,0,0,"-H1",0,0,0,120.006570302234,"Post"
2022-01-01,"Argentina",0,1,0,0,"-H1",0,0,0,120.006570302234,"Post"
2022-02-01,"Brazil",2158209,1,1,1,"-H1",1,1,1,121.024967148489,"Post"
2022-02-01,"USA",963426,1,0,0,"-H1",0,0,0,121.024967148489,"Post"
2022-02-01,"Argentina",0,1,0,0,"-H1",0,0,0,121.024967148489,"Post"
2022-03-01,"Brazil",4530097,1,1,1,"-H1",1,1,1,121.944809461235,"Post"
2022-03-01,"USA",805957,1,0,0,"-H1",0,0,0,121.944809461235,"Post"
2022-03-01,"Argentina",0,1,0,0,"-H1",0,0,0,121.944809461235,"Post"
2022-04-01,"Brazil",4481360,1,1,1,"-H1",1,1,1,122.96320630749,"Post"
2022-04-01,"USA",855407,1,0,0,"-H1",0,0,0,122.96320630749,"Post"
2022-04-01,"Argentina",0,1,0,0,"-H1",0,0,0,122.96320630749,"Post"
2022-05-01,"Brazil",4027167,1,1,1,"-H1",1,1,1,123.948751642576,"Post"
2022-05-01,"USA",338507,1,0,0,"-H1",0,0,0,123.948751642576,"Post"
2022-05-01,"Argentina",78241,1,0,0,"-H1",0,0,0,123.948751642576,"Post"
2022-06-01,"Brazil",4098798,1,1,1,"-H1",1,1,1,124.96714848883,"Post"
2022-06-01,"USA",166422,1,0,0,"-H1",0,0,0,124.96714848883,"Post"
2022-06-01,"Argentina",125438,1,0,0,"-H1",0,0,0,124.96714848883,"Post"
2022-07-01,"Brazil",3291276,1,1,1,"-H2",1,1,1,125.952693823916,"Post"
2022-07-01,"USA",33437,1,0,0,"-H2",0,0,0,125.952693823916,"Post"
2022-07-01,"Argentina",23986,1,0,0,"-H2",0,0,0,125.952693823916,"Post"
2022-08-01,"Brazil",2723030,1,1,1,"-H2",1,1,1,126.971090670171,"Post"
2022-08-01,"USA",797866,1,0,0,"-H2",0,0,0,126.971090670171,"Post"
2022-08-01,"Argentina",143852,1,0,0,"-H2",0,0,0,126.971090670171,"Post"
2022-09-01,"Brazil",1587836,1,1,1,"-H2",1,1,1,127.989487516426,"Post"
2022-09-01,"USA",358697,1,0,0,"-H2",0,0,0,127.989487516426,"Post"
2022-09-01,"Argentina",631851,1,0,0,"-H2",0,0,0,127.989487516426,"Post"
2022-10-01,"Brazil",1876367,1,1,1,"-H2",1,1,1,128.975032851511,"Post"
2022-10-01,"USA",4252275,1,0,0,"-H2",0,0,0,128.975032851511,"Post"
2022-10-01,"Argentina",1182471,1,0,0,"-H2",0,0,0,128.975032851511,"Post"
2022-11-01,"Brazil",1257515,1,1,1,"-H2",1,1,1,129.993429697766,"Post"
2022-11-01,"USA",3931424,1,0,0,"-H2",0,0,0,129.993429697766,"Post"
2022-11-01,"Argentina",489818,1,0,0,"-H2",0,0,0,129.993429697766,"Post"
2022-12-01,"Brazil",81982,1,1,1,"-H2",1,1,1,130.978975032852,"Post"
2022-12-01,"USA",3005285,1,0,0,"-H2",0,0,0,130.978975032852,"Post"
2022-12-01,"Argentina",0,1,0,0,"-H2",0,0,0,130.978975032852,"Post"
2023-01-01,"Brazil",305876,1,1,1,"-H1",1,1,1,131.997371879106,"Post"
2023-01-01,"USA",3436570,1,0,0,"-H1",0,0,0,131.997371879106,"Post"
2023-01-01,"Argentina",0,1,0,0,"-H1",0,0,0,131.997371879106,"Post"
2023-02-01,"Brazil",1931031,1,1,1,"-H1",1,1,1,133.015768725361,"Post"
2023-02-01,"USA",1895731,1,0,0,"-H1",0,0,0,133.015768725361,"Post"
2023-02-01,"Argentina",0,1,0,0,"-H1",0,0,0,133.015768725361,"Post"
2023-03-01,"Brazil",5575372,1,1,1,"-H1",1,1,1,133.935611038108,"Post"
2023-03-01,"USA",827399,1,0,0,"-H1",0,0,0,133.935611038108,"Post"
2023-03-01,"Argentina",0,1,0,0,"-H1",0,0,0,133.935611038108,"Post"
2023-04-01,"Brazil",5416689,1,1,1,"-H1",1,1,1,134.954007884363,"Post"
2023-04-01,"USA",732945,1,0,0,"-H1",0,0,0,134.954007884363,"Post"
2023-04-01,"Argentina",0,1,0,0,"-H1",0,0,0,134.954007884363,"Post"
2023-05-01,"Brazil",5373332,1,1,1,"-H1",1,1,1,135.939553219448,"Post"
2023-05-01,"USA",1438,1,0,0,"-H1",0,0,0,135.939553219448,"Post"
2023-05-01,"Argentina",290521,1,0,0,"-H1",0,0,0,135.939553219448,"Post"
2023-06-01,"Brazil",4549569,1,1,1,"-H1",1,1,1,136.957950065703,"Post"
2023-06-01,"USA",16501,1,0,0,"-H1",0,0,0,136.957950065703,"Post"
2023-06-01,"Argentina",97865,1,0,0,"-H1",0,0,0,136.957950065703,"Post"
2023-07-01,"Brazil",3318081,1,1,1,"-H2",1,1,1,137.943495400788,"Post"
2023-07-01,"USA",14562,1,0,0,"-H2",0,0,0,137.943495400788,"Post"
2023-07-01,"Argentina",0,1,0,0,"-H2",0,0,0,137.943495400788,"Post"
2023-08-01,"Brazil",3151637,1,1,1,"-H2",1,1,1,138.961892247043,"Post"
2023-08-01,"USA",138673,1,0,0,"-H2",0,0,0,138.961892247043,"Post"
2023-08-01,"Argentina",0,1,0,0,"-H2",0,0,0,138.961892247043,"Post"
2023-09-01,"Brazil",2633428,1,1,1,"-H2",1,1,1,139.980289093298,"Post"
2023-09-01,"USA",709675,1,0,0,"-H2",0,0,0,139.980289093298,"Post"
2023-09-01,"Argentina",108644,1,0,0,"-H2",0,0,0,139.980289093298,"Post"
2023-10-01,"Brazil",2566375,1,1,1,"-H2",1,1,1,140.965834428384,"Post"
2023-10-01,"USA",3961161,1,0,0,"-H2",0,0,0,140.965834428384,"Post"
2023-10-01,"Argentina",321898,1,0,0,"-H2",0,0,0,140.965834428384,"Post"
2023-11-01,"Brazil",2385893,1,1,1,"-H2",1,1,1,141.984231274639,"Post"
2023-11-01,"USA",2334214,1,0,0,"-H2",0,0,0,141.984231274639,"Post"
2023-11-01,"Argentina",48271,1,0,0,"-H2",0,0,0,141.984231274639,"Post"
2023-12-01,"Brazil",1710439,1,1,1,"-H2",1,1,1,142.969776609724,"Post"
2023-12-01,"USA",989483,1,0,0,"-H2",0,0,0,142.969776609724,"Post"
2023-12-01,"Argentina",0,1,0,0,"-H2",0,0,0,142.969776609724,"Post"
2024-01-01,"Brazil",1003029,1,1,1,"-H1",1,1,1,143.988173455979,"Post"
2024-01-01,"USA",2025048,1,0,0,"-H1",0,0,0,143.988173455979,"Post"
2024-01-01,"Argentina",0,1,0,0,"-H1",0,0,0,143.988173455979,"Post"
2024-02-01,"Brazil",2167085,1,1,1,"-H1",1,1,1,145.006570302234,"Post"
2024-02-01,"USA",1681032,1,0,0,"-H1",0,0,0,145.006570302234,"Post"
2024-02-01,"Argentina",0,1,0,0,"-H1",0,0,0,145.006570302234,"Post"
2024-03-01,"Brazil",3814413,1,1,1,"-H1",1,1,1,145.95926412615,"Post"
2024-03-01,"USA",887607,1,0,0,"-H1",0,0,0,145.95926412615,"Post"
2024-03-01,"Argentina",0,1,0,0,"-H1",0,0,0,145.95926412615,"Post"
2024-04-01,"Brazil",4208116,1,1,1,"-H1",1,1,1,146.977660972405,"Post"
2024-04-01,"USA",281259,1,0,0,"-H1",0,0,0,146.977660972405,"Post"
2024-04-01,"Argentina",74934,1,0,0,"-H1",0,0,0,146.977660972405,"Post"
2024-05-01,"Brazil",4276101,1,1,1,"-H1",1,1,1,147.96320630749,"Post"
2024-05-01,"USA",153915,1,0,0,"-H1",0,0,0,147.96320630749,"Post"
2024-05-01,"Argentina",6112,1,0,0,"-H1",0,0,0,147.96320630749,"Post"
2024-06-01,"Brazil",4670761,1,1,1,"-H1",1,1,1,148.981603153745,"Post"
2024-06-01,"USA",11474,1,0,0,"-H1",0,0,0,148.981603153745,"Post"
2024-06-01,"Argentina",589522,1,0,0,"-H1",0,0,0,148.981603153745,"Post"
2024-07-01,"Brazil",3921070,1,1,1,"-H2",1,1,1,149.96714848883,"Post"
2024-07-01,"USA",11109,1,0,0,"-H2",0,0,0,149.96714848883,"Post"
2024-07-01,"Argentina",142243,1,0,0,"-H2",0,0,0,149.96714848883,"Post"
2024-08-01,"Brazil",2570308,1,1,1,"-H2",1,1,1,150.985545335085,"Post"
2024-08-01,"USA",13287,1,0,0,"-H2",0,0,0,150.985545335085,"Post"
2024-08-01,"Argentina",165343,1,0,0,"-H2",0,0,0,150.985545335085,"Post"
2024-09-01,"Brazil",1815730,1,1,1,"-H2",1,1,1,152.00394218134,"Post"
2024-09-01,"USA",456739,1,0,0,"-H2",0,0,0,152.00394218134,"Post"
2024-09-01,"Argentina",109495,1,0,0,"-H2",0,0,0,152.00394218134,"Post"
2024-10-01,"Brazil",1506525,1,1,1,"-H2",1,1,1,152.989487516426,"Post"
2024-10-01,"USA",2667313,1,0,0,"-H2",0,0,0,152.989487516426,"Post"
2024-10-01,"Argentina",0,1,0,0,"-H2",0,0,0,152.989487516426,"Post"
